0;2;30;51;95;109;148;175;209;217;266;301;309;310;322;334;342;401;419;434
1;287
2;0;30;66;95;148;176;191;232;266;291;324;334;376
3;262
4;6;7;8;11;12;15;25;27;34;38;49;58;63;64;65;69;80;90;98;100;101;108;112;137;145;153;164;170;229;242;247;248;249;250;251;252;255;256;261;269;271;300;306
5;61;116;140;200;327;329;417
6;4;8;11;15;31;37;41;60;65;69;77;112;127;137;141;153;157;164;170;179;185;212;229;242;249;250;251;252;255;257;267;270;271;282;284;294;305;306;336;373
7;4;8;9;10;11;12;16;24;25;27;33;34;38;44;53;57;69;80;86;87;88;90;96;100;101;102;108;110;112;139;150;157;159;164;174;219;234;235;239;242;246;248;249;250;255;258;275;277;300;306;330;335;336;338
8;4;6;7;9;10;11;12;16;22;24;25;27;33;34;38;47;48;49;53;58;63;64;65;69;75;80;87;88;90;96;100;101;108;110;119;127;137;145;153;157;163;164;170;179;222;239;242;246;247;248;249;250;252;253;255;256;270;274;282;284;300;305;306;314;336;373;425
9;7;8;10;12;33;48;58;65;69;75;80;86;90;96;101;105;112;119;137;153;174;222;235;242;247;249;250;252;253;254;255;305;306;335;336
10;7;8;9;11;12;16;24;25;27;33;34;38;69;80;86;87;88;90;96;100;101;108;110;127;153;157;163;164;174;235;239;242;246;247;248;249;250;252;253;255;256;274;282;300;305;306;330
11;4;6;7;8;10;12;16;24;25;27;34;37;38;48;49;65;69;80;87;88;90;96;101;110;137;153;157;163;170;235;239;242;247;248;249;250;253;255;256;274;282;300;336
12;4;7;8;9;10;11;17;24;33;34;38;69;80;86;87;88;96;101;108;110;121;154;157;163;164;235;241;246;248;249;250;253;256;283;300;306;336
13;19;21;39;51;55;56;57;81;82;84;94;102;107;108;111;118;128;132;134;138;162;165;177;180;195;202;204;206;219;238;244;246;264;272;276;323;328;330;333;378;383
14;44;48;53;65;77;87;96;119;137;139;153;157;228;235;242;252;255;256;269;300;306;336
15;4;6;16;27;31;34;47;48;49;53;58;63;64;65;69;75;77;78;80;86;87;88;90;112;119;127;137;139;145;153;157;163;164;170;179;227;228;229;247;249;250;251;252;255;256;270;274;282;284;305;306;314;315;335;373
16;7;8;10;11;15;22;27;31;33;34;37;38;47;48;49;53;58;64;65;75;80;87;90;100;110;112;119;120;137;145;153;157;163;164;170;174;179;222;229;235;239;242;247;248;249;250;251;252;253;254;255;256;269;270;274;282;284;294;300;305;306;314;335;336;373;425;436
17;12;34;42;61;70;91;98;108;113;115;131;169;198;223;277;313;326;332;338;341;343;347;351;353;392;397;406;419;420
18;79;128;168;387
19;13;39;55;56;57;81;82;84;94;102;107;108;111;118;128;132;134;138;162;165;166;177;178;180;195;202;204;206;219;238;244;246;264;272;276;323;328;333;378;383
20;116;118;265
21;13;39;51;55;56;57;81;82;84;94;102;104;107;108;111;118;120;128;134;138;162;165;177;180;195;202;204;206;219;238;244;246;276;277;323;328;333;383
22;8;16;31;37;38;41;47;48;49;58;60;63;64;65;69;75;77;80;87;90;92;119;127;137;141;145;153;157;163;170;174;179;182;185;193;212;222;229;239;247;249;250;251;252;253;256;257;267;269;270;271;274;282;284;294;300;306;314;315;335;336;373
23;26;43;61;67;73;83;103;109;111;117;126;131;134;135;144;148;151;155;158;198;217;218;260;275;277;278;298;307;312;317;322;331;332;334;341;346;348;357;376;389;390;410;414;415
24;7;8;10;11;12;25;27;34;38;47;48;49;65;69;78;80;86;87;88;90;96;100;101;108;127;137;145;153;157;163;164;222;228;239;248;249;250;253;256;258;269;274;300;305;306;335;336;373
25;4;7;8;10;11;24;31;33;34;44;69;86;88;90;96;100;108;112;157;163;222;228;239;242;248;249;250;256;269;300;305;336;373
26;23;43;61;83;103;131;144;151;277;298;312;317;331;332;341;346;389;415
27;4;7;8;10;11;15;16;24;34;37;38;48;49;58;65;69;77;78;80;87;90;96;108;110;112;137;145;157;163;164;222;228;229;239;242;247;248;249;250;252;253;255;256;257;258;269;274;282;300;305;306;314;336;373
28;35;40;85;156;194;243;295;432
29;57;133;235;269;361;386
30;0;2;66;95;103;148;176;191;232;261;266;291;324;325;334;376
31;6;15;16;22;25;34;37;38;44;48;49;53;58;65;69;75;77;80;86;87;88;90;92;99;112;119;127;141;145;163;164;182;212;228;229;235;249;250;252;255;267;269;270;274;284;305;306;314;335;373
32;46;62;74;93;106;121;124;154;211;213;214;227;237;241;358;365
33;7;8;9;10;12;16;25;38;48;69;90;99;101;119;137;141;153;164;170;222;239;249;250;252;254;282;336
34;4;7;8;10;11;12;15;16;17;24;25;27;31;38;49;53;58;63;65;69;78;80;87;90;96;100;101;108;110;112;127;137;145;157;163;164;228;239;246;247;248;249;250;252;253;255;256;269;274;282;300;305;306;314;315;335;336;373
35;28;156;194;295
36;41;48;49;58;60;64;77;92;137;170;179;185;193;212;222;251;253;257;271;294;306;315;335
37;6;11;16;22;27;31;38;41;48;49;58;60;64;65;69;75;77;80;87;90;92;112;119;127;137;141;145;153;163;170;174;179;185;193;212;228;229;239;247;248;249;250;256;269;270;271;274;282;284;294;305;306;314;315;335;336;373
38;4;7;8;10;11;12;16;22;24;27;31;33;34;37;41;47;48;49;58;64;65;69;75;80;87;88;90;96;100;101;108;110;127;137;141;145;157;163;164;170;174;179;222;235;239;242;247;248;249;250;252;253;256;269;270;274;284;300;306;315;336;373
39;13;19;21;51;55;56;57;70;81;82;94;102;104;107;108;111;114;118;123;128;130;134;138;162;165;166;177;180;195;202;204;206;219;238;244;246;264;272;276;285;323;328;330;333;378;387;404
40;28;79;81;85;181;194;243;245;292;295;339;411;432
41;6;22;36;37;38;48;49;58;60;64;65;69;77;92;99;112;119;127;137;163;179;185;193;212;229;242;249;250;251;271;284;294;306;315;373
42;17;70;169;223;277;331;332;353;397
43;23;26;61;73;83;103;109;117;126;131;144;151;158;198;260;275;277;298;312;317;341;346;389;390;434
44;7;14;25;31;77;86;88;96;228;229;250;267;284;306
45;56;91;136;158;165;172;183;277;293;330;339;343;364;372;392;405;420;421
46;32;74;93;121;213;214;227;241;365;371
47;8;15;16;22;24;38;48;49;58;63;64;65;69;75;80;87;88;90;92;96;110;112;119;127;137;139;141;153;157;163;164;170;174;179;182;222;229;239;242;247;248;249;250;252;253;254;255;256;257;270;271;274;282;284;300;306;314;315;335;336;373;425
48;8;9;11;14;15;16;22;24;27;31;33;36;37;38;41;47;49;58;60;63;64;65;69;75;77;80;86;87;88;90;92;96;99;100;112;119;127;137;141;145;153;157;163;164;170;179;185;193;212;222;229;239;242;247;248;249;250;251;252;253;255;256;257;267;271;274;282;284;294;300;305;306;314;315;335;336;373
49;4;8;11;15;16;22;24;27;31;34;36;37;38;41;47;48;58;60;64;65;69;75;77;80;87;90;92;100;127;137;141;145;153;157;163;164;170;174;179;185;193;212;222;235;239;242;247;248;249;250;252;253;256;257;271;274;282;284;294;300;306;314;315;336;373;425
50;114;128;135;204;234;349
51;0;13;21;39;55;56;57;70;84;95;104;107;108;111;128;134;138;162;165;177;180;195;201;202;204;206;219;234;244;246;252;272;276;301;309;323;328;333;387
52;70;114;123;149;203;292;318;321;338;356;380;383;387;404
53;7;8;14;15;16;31;34;69;78;87;88;96;119;137;139;150;222;228;229;248;250;252;256;258;269;300;306
54;107;108;200;260
55;13;19;21;39;51;56;57;81;82;84;94;102;107;108;111;118;128;132;134;138;162;165;166;177;180;195;201;202;204;206;219;238;244;246;264;272;285;323;328;330;333;378;383;387
56;13;19;21;39;45;51;55;57;81;84;94;102;104;107;108;111;128;132;134;138;162;165;166;177;180;195;201;202;204;206;219;238;244;246;264;266;272;276;323;328;333;378;383
57;7;13;19;21;29;39;51;55;56;81;82;84;94;102;104;107;108;111;118;128;132;134;138;162;165;166;169;177;180;195;202;204;206;219;238;244;246;264;272;275;276;306;323;328;333;378
58;4;8;9;15;16;22;27;31;34;36;37;38;41;47;48;49;60;64;65;75;77;80;87;90;92;99;105;112;119;127;137;141;145;153;163;164;170;174;179;185;193;212;222;229;239;242;247;248;249;250;251;252;253;255;256;269;270;271;274;282;284;294;300;305;306;314;315;335;336;373
59;79;263;411
60;6;22;36;37;41;48;49;58;64;90;92;99;127;137;153;170;179;185;193;212;229;249;251;252;253;257;270;271;284;294;306;314;315;336;373
61;5;17;23;26;43;67;70;83;91;103;113;115;117;126;130;131;146;151;158;169;218;223;260;275;277;285;286;298;301;307;312;317;322;330;331;332;341;343;346;348;370;376;383;389;393;397;401;414;419;434
62;32;74;93;124;154;171;211;213;214;365;396
63;4;8;15;22;34;47;48;87;88;90;96;110;112;137;253;267;274;315;330;336
64;4;8;15;16;22;36;37;38;41;47;48;49;58;60;65;69;75;77;80;88;92;119;127;137;145;153;163;164;170;174;179;185;193;212;222;229;239;242;247;248;249;250;251;252;255;256;257;267;270;271;284;294;306;314;315;335;336;373
65;4;6;8;9;11;14;15;16;22;24;27;31;34;37;38;41;47;48;49;58;64;69;75;77;80;87;88;90;92;96;99;100;101;110;112;119;127;137;141;145;153;157;163;164;170;174;179;185;193;212;222;239;242;247;248;249;250;251;252;253;254;255;256;257;259;267;269;270;271;274;282;284;294;300;305;306;314;330;336;361;373;425
66;2;30;95;148;176;191;232;266;291;334
67;23;61;73;83;103;115;117;126;131;136;144;151;155;158;190;198;215;230;245;260;275;277;281;312;317;341;346;369;370
68;138;189;202;223;224;313;323;380;386
69;4;6;7;8;9;10;11;12;15;22;24;25;27;31;33;34;37;38;41;47;48;49;53;64;65;75;77;80;83;86;88;90;100;101;137;145;153;157;163;164;174;185;212;222;235;239;242;247;248;249;250;251;252;253;254;255;256;257;267;270;274;282;284;300;305;306;314;335;336;373;425;436
70;17;39;42;51;52;61;98;104;109;113;114;118;123;131;133;136;142;148;149;155;168;169;192;203;205;223;273;276;277;285;292;312;313;318;321;338;347;356;363;380;383;387;397;400;404;428
71;74;93;121;214;227;237
72;91;126;130;136;220;277;286;296;298;301;393;434
73;23;43;67;83;103;117;126;131;144;151;158;198;216;260;275;277;312;317;331;341;346;414
74;32;46;62;71;93;154;211;213;214;237;396
75;8;9;15;16;22;31;37;38;47;48;49;58;64;65;69;77;80;87;92;112;119;137;141;145;153;157;163;170;174;179;212;222;228;229;239;247;248;249;250;252;256;271;274;284;294;300;306;314;315;336;373;425
76
77;6;14;15;22;27;31;36;37;41;44;48;49;58;64;65;69;75;80;86;88;96;137;145;153;164;212;222;229;242;247;249;250;251;252;255;256;257;267;270;271;284;294;306;315;335;373
78;15;24;27;34;53;86;87;88;90;96;100;139;159;228;235;248;250;253;258;269;300;306;373
79;18;40;59;85;91;116;136;172;181;182;194;217;243;269;277;293;295;299;343;377;418;432
80;4;7;8;9;10;11;12;15;16;22;24;27;31;34;37;38;47;48;49;58;64;65;69;75;77;87;90;100;101;110;112;119;127;137;141;145;153;157;163;164;170;174;179;222;228;229;235;239;242;247;248;249;250;252;253;255;256;258;270;274;282;284;300;305;306;314;330;336;373
81;13;19;21;39;40;55;56;57;82;84;94;102;107;108;111;118;128;132;134;138;162;165;166;177;180;195;201;202;204;206;219;238;244;246;264;272;276;323;328;330;333;378;383;397;406
82;13;19;21;39;55;57;81;84;90;94;102;107;108;111;118;128;130;134;138;162;165;166;173;180;195;201;202;204;206;219;238;244;246;264;272;276;323;328;330;333;397;412
83;23;26;43;61;67;69;73;91;98;102;103;107;113;114;115;117;126;130;131;134;144;151;155;158;189;198;260;275;277;284;285;298;312;317;331;341;346;351;353;390;414
84;13;19;21;51;55;56;57;81;82;94;102;104;107;108;111;118;128;132;134;138;162;165;166;177;180;195;202;204;206;219;238;244;246;252;254;264;272;276;306;323;327;328;330;333;378;383
85;28;40;79;89;123;156;181;194;243;432
86;7;9;10;12;15;24;25;31;44;48;69;77;78;88;96;99;137;139;141;150;242;250;252;255;256;258;270;274;284;305;306
87;7;8;10;11;12;14;15;16;22;24;27;31;34;37;38;47;48;49;53;58;63;65;75;78;80;88;90;92;96;100;101;110;112;119;127;137;139;141;153;157;163;164;170;174;222;229;235;239;247;248;249;250;251;252;253;255;256;258;267;269;270;274;282;284;300;305;306;314;315;335;336;373
88;7;8;10;11;12;15;24;25;31;38;44;47;48;53;63;64;65;69;77;78;86;87;96;100;108;112;119;127;137;141;145;150;153;157;163;164;170;222;228;235;247;248;250;255;256;257;258;267;269;270;274;300;306;314;335;336;373
89;85;432
90;4;7;8;9;10;11;15;16;22;24;25;27;31;33;34;37;38;47;48;49;58;60;63;65;69;78;80;82;87;96;100;101;108;110;112;127;133;137;148;153;157;159;163;164;170;186;222;228;239;241;242;246;247;248;249;250;251;252;253;255;256;258;267;269;270;274;284;294;300;305;306;314;315;336;361;373;404;425
91;17;45;61;72;79;83;108;113;115;136;146;158;169;172;173;260;272;277;296;298;301;302;326;331;341;343;348;351;353;364;366;367;370;372;385;405;406;418;420;421;422;427;434
92;22;31;36;37;41;47;48;49;58;60;64;65;75;87;137;163;179;193;212;222;239;247;257;258;270;271;274;284;294;314;315;336;373
93;32;46;62;71;74;106;121;124;154;167;211;213;214;227;237;290;365;371
94;13;19;21;39;55;56;57;81;82;84;102;104;107;108;111;118;128;130;132;134;138;162;165;166;177;180;195;201;202;204;206;219;238;244;246;264;272;276;323;328;330;333;356;378;383;397;406
95;0;2;30;51;66;109;122;148;175;176;191;217;232;266;291;309;310;334;340;342;376
96;7;8;9;10;11;12;14;24;25;27;34;38;44;47;48;53;63;65;77;78;86;87;88;90;101;108;110;137;139;150;153;157;163;164;182;222;228;247;248;249;250;252;253;258;267;274;282;300;305;306;314;335;373
97;221;299
98;4;17;70;83;223;277;397
99;31;33;41;48;58;60;65;86;127;153;170;185;222;242;257;270;282;294;315;336
100;4;7;8;10;16;24;25;34;38;48;49;65;69;78;80;87;88;90;101;108;110;112;139;145;159;163;170;178;228;235;247;248;249;250;255;258;267;269;300;305;306;314;330;335;336;373
101;4;7;8;9;10;11;12;24;33;34;38;65;69;80;87;90;96;100;108;110;112;157;163;164;235;239;242;246;247;249;250;252;253;282;300;305;306;336;373
102;7;13;19;21;39;55;56;57;81;82;83;84;94;107;108;111;115;118;131;132;134;138;162;166;180;192;195;201;202;204;206;219;238;244;246;264;269;276;305;323;328;330;333;378;383;387;404
103;23;26;30;43;61;67;73;83;117;126;130;131;144;148;151;158;198;218;240;260;275;277;298;307;312;317;322;331;332;334;341;346;389;390;414;415
104;21;39;51;56;57;70;84;94;107;132;134;162;165;177;195;201;202;206;219;238;244;246;252;272;276;323;383
105;9;58;119;139;141;145;228;250;253;269;284;407
106;32;93;121;124;211;213;214;227;241
107;13;19;21;39;51;54;55;56;57;81;82;83;84;94;102;104;111;118;128;132;134;138;162;165;177;180;195;201;202;204;219;238;246;252;260;264;272;276;293;323;328;330;333;378;383;387
108;4;7;8;10;12;13;17;19;21;24;25;27;34;38;39;51;54;55;56;57;81;82;84;88;90;91;94;96;100;101;102;111;112;114;118;128;134;138;146;150;153;155;157;162;165;166;177;180;195;201;202;204;219;234;238;242;246;248;249;250;252;255;258;264;269;272;274;276;323;328;330;333;336;378
109;0;23;43;70;95;117;136;155;198;277;311;348;382;389;392;415
110;7;8;10;11;12;16;27;34;38;47;63;65;80;87;90;96;100;101;112;153;157;159;163;164;228;235;239;246;247;248;249;250;252;274;282;306;314;330;336;373
111;13;19;21;23;39;51;55;56;57;81;82;84;94;102;107;108;118;123;128;132;134;138;162;165;166;177;180;195;201;202;204;206;219;238;244;246;264;272;276;285;323;328;330;333;353;366;378;380;383;387
112;4;6;7;9;15;16;25;27;31;34;37;41;47;48;58;63;65;75;80;87;88;90;100;101;108;110;127;137;141;152;153;157;159;164;170;174;185;212;228;229;235;239;242;247;249;250;251;253;255;256;257;267;269;270;271;274;282;284;294;300;305;306;314;315;330;336;373
113;17;61;70;83;91;114;118;123;131;133;136;142;149;151;168;192;205;234;273;276;277;285;292;318;321;326;338;341;353;356;363;366;380;383;387;392;400;404;422;428
114;39;50;52;70;83;108;113;118;123;128;133;142;149;158;168;180;203;223;234;272;273;276;285;292;299;313;318;321;323;338;356;380;383;387;404
115;17;61;67;83;91;102;136;146;159;169;260;277;285;296;329;341;343;351;364;366;367;370;405;421;422
116;5;20;79;234;245;265;276
117;23;43;61;67;73;83;103;109;126;131;135;144;151;158;198;218;226;260;275;276;277;298;312;317;332;341;346;348;353;367;389;414;415
118;13;19;20;21;39;55;57;70;81;82;84;94;102;107;108;111;113;114;123;128;133;134;136;138;162;165;166;168;180;195;196;201;202;204;206;219;238;244;246;272;273;276;277;285;292;321;323;328;330;333;356;378;380;383;387;404
119;8;9;14;15;16;22;31;33;37;41;47;48;53;58;64;65;75;80;87;88;105;137;141;145;153;164;170;185;212;222;242;249;250;252;253;255;256;257;270;274;282;284;294;306;315;335;336;425
120;16;21;259;268;360
121;12;32;46;71;93;106;124;125;154;167;213;214;227;237;241;365
122;95;175;209;220;310;317;340;342
123;39;52;70;85;111;113;114;118;128;133;142;149;168;177;203;216;234;273;276;277;285;292;313;318;321;323;338;356;383;387;404;428
124;32;62;93;106;121;154;211;213;214;227;237;290;358;365
125;121;213;365;371
126;23;43;61;67;72;73;83;103;117;130;131;136;144;148;151;158;198;260;275;277;286;298;312;317;322;341;346;353;387;389;393;434
127;6;8;10;15;22;24;31;34;37;38;41;47;48;49;58;60;64;65;80;87;88;90;99;112;137;145;153;163;164;170;174;185;229;239;242;247;248;249;250;252;253;255;256;267;270;274;282;284;294;300;305;306;314;315;335;336;373
128;13;18;19;21;39;50;51;55;56;57;81;82;84;94;107;108;111;114;118;123;132;134;138;162;165;166;177;189;195;202;204;206;216;219;223;234;238;244;246;264;272;273;276;285;323;327;328;330;333;404
129;136;280;339;351;372;409
130;39;61;72;82;83;94;103;126;131;151;206;218;277;285;312;316;322;341;346;355;363;375;387;389;400;414;417
131;17;23;26;43;61;67;70;73;83;102;103;113;117;126;130;134;144;151;155;158;189;198;223;252;255;260;275;277;281;306;312;317;318;322;331;341;346;353;397;401
132;13;19;55;56;57;81;84;94;102;104;107;111;128;134;138;162;165;166;180;195;201;202;204;206;219;223;238;244;246;264;272;323;328;333;378
133;29;70;90;113;114;118;123;149;203;223;265;277;285;292;313;318;321;338;356;363;380;383;387;404
134;13;19;21;23;39;51;55;56;57;81;82;83;84;94;102;104;107;108;111;118;128;131;132;138;162;165;166;177;180;195;198;201;202;204;206;219;238;244;246;260;264;272;276;285;323;328;330;333;353;370;378;383;387;404
135;23;50;117;155;276;285;346
136;45;67;70;72;79;91;109;113;115;118;126;129;146;158;160;165;172;196;260;277;286;298;302;326;331;339;343;351;364;367;370;372;383;392;405;406;420;421
137;4;6;8;9;11;14;15;16;22;24;27;33;34;36;37;38;41;47;48;49;53;58;60;63;64;65;69;75;77;80;86;87;88;90;92;96;112;119;127;141;145;153;157;163;164;170;174;179;185;193;212;222;229;239;242;247;248;249;250;251;252;255;256;257;258;267;270;271;274;282;284;294;300;305;306;314;315;335;336;373;425
138;13;19;21;39;51;55;56;57;68;81;82;84;94;102;107;108;111;118;128;132;134;162;165;166;177;180;189;195;201;202;204;206;219;224;226;238;244;246;264;272;276;323;328;330;333;378;383;386;430
139;7;14;15;47;53;78;86;87;96;100;105;141;145;150;229;253;258;306;407
140;5;199;252
141;6;22;31;33;37;38;47;48;49;58;65;75;80;86;87;88;105;112;119;137;139;145;163;170;174;185;212;222;228;229;239;247;248;250;253;256;258;270;284;294;305;306;314;335;336;373;407
142;70;113;114;123;149;203;285;292;318;321;338;356;380;383;387;404
143;159
144;23;26;43;67;73;83;103;117;126;131;155;170;198;250;260;263;275;277;298;306;312;317;322;331;341;346
145;4;8;15;16;22;24;27;31;34;37;38;48;49;58;64;65;69;75;77;80;88;100;105;119;127;137;139;141;157;163;170;174;179;228;229;242;248;249;250;252;253;255;256;257;258;269;270;271;274;282;284;300;306;335;336;373;407
146;61;91;108;115;136;148;169;223;266;277;330;341;343;364;370;376;405;406;421
147;175;184;209;301;385;434
148;0;2;23;30;66;70;90;95;103;126;146;176;191;232;261;266;269;291;324;334;361;376;413
149;52;70;113;114;123;133;142;168;203;273;292;318;321;338;356;380;383;387;404;428
150;7;53;86;88;96;108;139;254;255;258
151;23;26;43;61;67;73;83;103;113;117;126;130;131;158;218;260;275;277;298;301;307;312;317;318;322;331;332;341;346;348;349;353;367;389;414
152;112;228;307;324;359
153;4;6;8;9;10;11;14;15;16;22;24;33;37;47;48;49;58;60;64;65;69;75;77;80;87;88;90;96;99;108;110;112;119;127;137;157;163;164;170;179;185;193;222;228;229;235;239;242;247;249;250;252;253;255;256;257;258;270;271;274;282;284;294;300;306;314;315;335;336;373
154;12;32;62;74;93;121;124;211;213;227;241;365;371
155;23;67;70;83;108;109;131;135;144;198;260;277;309;312;317;346;348;355
156;28;35;85;194;243;245;295;364;432
157;6;7;8;10;11;12;14;15;16;22;24;25;27;34;38;47;48;49;65;69;75;80;87;88;90;96;101;108;110;112;137;145;153;163;164;170;222;228;235;239;242;247;248;249;250;252;253;255;256;269;274;275;282;300;305;306;314;335;336;373;425
158;23;43;45;61;67;73;83;91;103;114;117;126;131;136;151;198;218;260;275;277;281;298;307;312;317;322;331;332;341;346;389;390;392;414;415;419;434
159;7;78;90;100;110;112;115;143;216;228;235;249;277;330;349
160;136;162;277;351;372;387;389;397
161;385
162;13;19;21;39;51;55;56;57;81;82;84;94;102;104;107;108;111;118;128;132;134;138;160;165;166;177;180;195;201;202;204;206;219;238;244;246;264;272;276;323;328;330;333;363;378
163;8;10;11;12;15;16;22;24;25;27;31;34;37;38;41;47;48;49;58;64;65;69;75;80;87;88;90;92;96;100;101;110;127;137;141;145;153;157;164;170;174;179;193;212;222;228;229;235;239;242;247;248;249;250;252;253;255;256;258;269;270;274;282;294;300;305;306;314;336;373;425
164;4;6;7;8;10;12;15;16;24;27;31;33;34;38;47;48;49;58;64;65;69;77;80;87;88;90;96;101;110;112;119;127;137;153;157;163;170;222;235;239;242;246;247;248;249;250;252;253;255;256;274;282;284;300;314;336
165;13;19;21;39;45;51;55;56;57;81;82;84;94;104;107;108;111;118;128;132;134;136;138;162;166;177;180;195;202;204;206;219;238;244;246;264;272;276;323;328;330;333;378
166;19;39;55;56;57;81;82;84;94;102;108;111;118;128;132;134;138;162;165;180;189;195;201;202;204;206;219;224;238;244;246;264;272;323;328;330;333;378;411
167;93;121;171;213;365
168;18;70;113;114;118;123;149;203;234;292;318;321;338;356;363;380;383;387;404
169;17;42;57;61;70;91;115;146;223;266;272;277;296;302;307;349;372;397
170;4;6;8;11;15;16;22;33;36;37;38;47;48;49;58;60;64;65;75;80;87;88;90;99;100;112;119;127;137;141;144;145;153;157;163;164;174;179;185;212;222;229;235;239;242;247;249;250;252;255;256;270;271;274;282;294;300;305;306;314;315;335;336;373
171;62;167;365;371
172;45;79;91;136;277;320;326;331;343;353;364;367;372;420;421;422;427
173;82;91;202;277;323;367;386;406;429
174;7;9;10;16;22;37;38;47;49;58;64;65;69;75;80;87;112;127;137;141;145;163;170;228;229;239;247;248;249;250;252;253;255;270;271;274;282;284;294;300;305;306;314;330;336;373
175;0;95;122;147;184;209;233;301;309;310;340;342
176;2;30;66;95;148;191;232;266;275;291;324;334;376;412
177;13;19;21;39;51;55;56;57;81;84;94;104;107;108;111;123;128;134;138;162;165;180;195;202;204;206;219;238;244;246;260;272;276;323;328;330;333;378;386
178;19;100;432
179;6;8;15;16;22;36;37;38;41;47;48;49;58;60;64;65;75;80;92;137;145;153;163;170;212;222;247;248;249;250;253;282;284;294;314;315;373;425
180;13;19;21;39;51;55;56;57;81;82;84;94;102;107;108;111;114;118;132;134;138;162;165;166;177;195;201;202;204;206;219;238;244;246;264;272;276;285;323;328;330;333;366;378;383;387
181;40;79;85;182;194;243;295;299;395;432
182;22;31;47;79;96;181;194;243;270;299;355;432
183;45;245;330;361;372;402
184;147;175;209;301;342
185;6;22;36;37;41;48;49;58;60;64;65;69;99;112;119;127;137;141;153;170;193;212;222;229;242;249;251;270;271;284;294;315;373
186;90;224;321;360;395;404;405;419
187;216;226;302;313;337;350;352;394
188;208;288
189;68;83;128;131;138;166;202;224;313;323;380;386;430
190;67;215;230;245;260;369;378
191;2;30;66;95;148;176;232;291;311;324;325;334;376
192;70;102;113;238;241;244;276;285;387;404
193;22;36;37;41;48;49;58;60;64;65;92;137;153;163;185;212;222;239;247;249;251;253;254;257;271;284;294;315
194;28;35;40;79;85;156;181;182;243;295;299;369;395;432
195;13;19;21;39;51;55;56;57;81;82;84;94;102;104;107;108;111;118;128;132;134;138;162;165;166;177;180;201;202;204;206;219;234;238;244;246;264;272;276;323;328;330;333;378;383
196;118;136;206;245;254;323
197;304
198;17;23;43;67;73;83;103;109;117;126;131;134;144;155;158;217;260;275;277;278;281;298;307;312;317;322;332;334;341;346;389;415;434
199;140;245;252;347
200;5;54;263
201;51;55;56;81;82;94;102;104;107;108;111;118;132;134;138;162;166;180;195;202;204;219;238;244;246;272;275;276;323;328;330;333;337;352;378;383
202;13;19;21;39;51;55;56;57;68;81;82;84;94;102;104;107;108;111;118;128;132;134;138;162;165;166;173;177;180;189;195;201;204;206;216;219;238;244;246;264;272;276;323;328;330;333;378;383;386
203;52;70;114;123;133;142;149;168;273;292;318;321;323;338;356;380;383;404;409;428
204;13;19;21;39;50;51;55;56;57;81;82;84;94;102;107;108;111;118;128;132;134;138;162;165;166;177;180;195;201;202;206;219;238;244;246;272;276;285;323;328;330;333;378;383
205;70;113;210;278;318;345;383;387;400;402
206;13;19;21;39;51;55;56;57;81;82;84;94;102;104;111;118;128;130;132;134;138;162;165;166;177;180;195;196;202;204;219;238;246;249;264;272;276;305;323;328;330;333;378;383;387
207
208;188;288
209;0;122;147;175;184;301;342;434
210;205;279;387;400
211;32;62;74;93;106;124;154;213;227;237;290
212;6;22;31;36;37;41;48;49;58;60;64;65;69;75;77;92;112;119;137;141;163;170;179;185;193;242;249;250;251;257;270;271;284;294;306;315;336;360
213;32;46;62;74;93;106;121;124;125;154;167;211;214;227;237;241;283;358;365;396
214;32;46;62;71;74;93;106;121;124;213;227;237;241
215;67;190;218;230;245;260;346;348;369
216;73;123;128;159;187;202;223;226;313;318;323;337;338;350;352;394
217;0;23;79;95;198;281;301;309;312;322;326;412;419;434
218;23;61;103;117;130;151;158;215;298;311;332;341;348;367;382;389;405;414;415
219;7;13;19;21;39;51;55;56;57;81;82;84;94;102;104;107;108;111;118;128;132;134;138;162;165;166;177;180;195;201;202;204;206;246;264;272;276;306;323;328;330;333;378;383
220;72;122;277;286;298;301;393;434
221;97;236;319
222;8;9;16;22;24;25;27;33;36;38;47;48;49;53;58;64;65;69;75;77;80;87;88;90;92;96;99;119;137;141;153;157;163;164;170;179;185;193;228;229;239;242;247;249;250;252;253;256;257;258;267;271;274;282;284;300;305;306;314;330;335;336;373
223;17;42;61;68;70;98;114;128;131;132;133;146;169;216;276;277;313;338;341;347;387;397;400
224;68;138;166;186;189;268;275;323;333;360;386
225
226;117;138;187;216;313;337;350;352;394
227;15;32;46;71;93;106;121;124;154;211;213;214;237;290;358;371;396
228;14;15;24;25;27;31;34;37;44;53;75;78;80;88;90;96;100;105;110;112;141;145;152;153;157;159;163;174;222;235;247;255;258;267;269;274;300;305;306;330;373;407
229;4;6;15;16;22;27;31;37;41;44;47;48;53;58;60;64;75;77;80;87;112;127;137;139;141;145;153;163;170;174;185;222;247;249;250;255;256;258;270;271;274;284;300;305;306;335
230;67;190;215;245;260;346;369
231;342;399
232;2;30;66;95;148;176;191;266;291;334;376
233;175;342
234;7;50;51;108;113;114;116;123;128;168;195;246;276;321;345;383;387;400;404;409
235;7;9;10;11;12;14;16;29;31;38;49;69;78;80;87;88;100;101;110;112;153;157;159;163;164;170;228;247;249;251;252;255;256;274;277;282;306;330;373
236;221;319
237;32;71;74;93;121;124;211;213;214;227;241;361;396
238;13;19;21;39;55;56;57;81;82;84;94;102;104;107;108;111;118;128;132;134;138;162;165;166;177;180;192;195;201;202;204;206;244;246;264;272;276;323;328;330;333;378;383
239;7;8;10;11;16;22;24;25;27;33;34;37;38;47;48;49;58;64;65;69;75;80;87;90;92;101;110;112;127;137;141;153;157;163;164;170;174;193;222;242;247;248;249;250;252;253;255;256;270;274;282;300;306;314;315;330;336;373;425
240;103;277;278;387;401
241;12;32;46;90;106;121;154;192;213;214;237;365;371;396
242;4;6;7;8;9;10;11;14;16;25;27;38;41;47;48;49;58;64;65;69;77;80;86;90;99;101;108;112;119;127;137;145;153;157;163;164;170;185;212;222;239;247;248;249;250;251;252;253;254;256;270;282;294;306;314;315;330;336;373;425
243;28;40;79;85;156;181;182;194;295;299;432
244;13;19;21;39;51;55;56;57;81;82;84;94;102;104;111;118;128;132;134;138;162;165;166;177;180;192;195;201;202;204;238;246;264;272;276;285;323;328;330;333;378;383
245;40;67;116;156;183;190;196;199;215;230;259;285;346;380;401
246;7;8;10;12;13;19;21;34;39;51;55;56;57;81;82;84;90;94;101;102;104;107;108;110;111;118;128;132;134;138;162;164;165;166;177;180;195;201;202;204;206;219;234;238;244;247;248;249;250;252;264;272;276;305;306;323;328;330;333;378
247;4;8;9;10;11;15;16;22;27;34;37;38;47;48;49;58;64;65;69;75;77;80;87;88;90;92;96;100;101;110;112;127;137;141;153;157;163;164;170;174;179;193;222;228;229;235;239;242;246;248;249;250;252;253;254;255;256;270;271;274;282;284;300;305;306;314;315;330;335;336;373;425
248;4;7;8;10;11;12;16;24;25;27;34;37;38;47;48;49;53;58;64;65;69;75;78;80;87;88;90;96;100;108;110;127;137;141;145;157;163;164;174;179;239;242;246;247;249;250;252;253;255;269;274;282;300;305;306;314;335;336;373
249;4;6;7;8;9;10;11;12;15;16;22;24;25;27;31;33;34;37;38;41;47;48;49;58;60;64;65;69;75;77;80;87;90;96;100;101;108;110;112;119;127;137;145;153;157;159;163;164;170;174;179;185;193;206;212;222;229;235;239;242;246;247;248;250;251;252;253;254;255;256;270;271;274;282;284;294;300;305;306;314;315;330;335;336;373
250;4;6;7;8;9;10;11;12;15;16;22;24;25;27;31;33;34;37;38;41;44;47;48;49;53;58;64;65;69;75;77;78;80;86;87;88;90;96;100;101;105;108;110;112;119;127;137;141;144;145;153;157;163;164;170;174;179;212;222;229;239;242;246;247;248;249;251;252;253;254;255;256;257;267;269;270;274;282;284;293;294;300;306;314;315;330;335;336;373;425
251;4;6;15;16;22;36;41;48;58;60;64;65;69;77;87;90;112;137;185;193;212;235;242;249;250;252;254;270;271;284;294;306;315;336
252;4;6;8;9;10;14;15;16;22;27;31;33;34;38;47;48;49;51;53;58;60;64;65;69;75;77;80;84;86;87;90;96;101;104;107;108;110;119;127;131;137;140;145;153;157;163;164;170;174;199;222;235;239;242;246;247;248;249;250;251;253;254;255;256;259;270;274;282;300;306;314;335;336;347;373
253;8;9;10;11;12;16;22;24;27;34;36;38;47;48;49;58;60;63;65;69;78;80;87;90;96;101;105;112;119;127;139;141;145;153;157;163;164;174;179;193;222;239;242;247;248;249;250;252;254;255;256;257;269;274;282;284;294;300;305;306;314;330;335;373
254;9;16;33;47;65;69;84;150;193;196;242;247;249;250;251;252;253;255;256;269;305;336;425;436
255;4;6;7;8;9;10;11;14;15;16;27;31;34;47;48;58;64;65;69;77;80;86;87;88;90;100;108;112;119;127;131;137;145;150;153;157;163;164;170;174;228;229;235;239;247;248;249;250;252;253;254;256;258;269;270;274;282;300;305;306;314;330;335;336;373;395;425
256;4;8;10;11;12;14;15;16;22;24;25;27;34;37;38;47;48;49;53;58;64;65;69;75;77;80;86;87;88;90;112;119;127;137;141;145;153;157;163;164;170;222;229;235;239;242;247;249;250;252;253;254;255;257;270;274;282;300;306;314;335;336;373
257;6;22;27;36;47;48;49;60;64;65;69;77;88;92;99;112;119;137;145;153;193;212;222;250;253;256;270;282;284;294;315;335;336;373
258;7;24;27;53;78;80;86;87;88;90;92;96;100;108;137;139;141;145;150;153;163;222;228;229;255;269;300;305;306;335;336
259;65;120;245;252;360
260;23;43;54;61;67;73;83;91;103;107;115;117;126;131;134;136;144;151;155;158;177;190;198;215;230;275;277;312;317;331;341;346;353;429;434
261;4;30;148;291;312;334;376
262;3
263;59;144;200;320;327
264;13;19;39;55;56;57;81;82;84;94;102;107;108;111;128;132;134;138;162;165;166;180;195;202;206;219;238;244;246;272;276;323;326;328;333;378;383;397
265;20;116;133;380
266;0;2;30;56;66;95;146;148;169;176;232;291;324;334;376
267;6;22;31;44;48;63;64;65;69;77;87;88;90;96;100;112;127;137;222;228;250;270;274;284
268;120;224
269;4;14;16;22;24;25;27;29;31;34;37;38;53;58;65;78;79;87;88;90;100;102;105;108;112;145;148;157;163;228;248;250;253;254;255;258;270;271;300;305;306;336;361;373
270;6;8;15;16;22;31;37;38;47;58;60;64;65;69;77;80;86;87;88;90;92;99;112;119;127;137;141;145;153;163;170;174;182;185;212;229;239;242;247;249;250;251;252;255;256;257;267;269;271;274;282;284;294;305;306;314;315;335;336
271;4;6;22;36;37;41;47;48;49;58;60;64;65;75;77;92;112;137;145;153;170;174;185;193;212;222;229;247;249;251;269;270;284;294;305;306;315;336;373
272;13;19;39;51;55;56;57;81;82;84;91;94;104;107;108;111;114;118;128;132;134;138;162;165;166;169;177;180;195;201;202;204;206;219;238;244;246;264;276;296;299;323;328;330;333;378
273;70;113;114;118;123;128;149;203;285;292;318;321;338;356;380;383;387;404;406
274;8;10;11;15;16;22;24;27;31;34;37;38;47;48;49;58;63;65;69;75;80;86;87;88;90;92;96;108;110;112;119;127;137;145;153;157;163;164;170;174;222;228;229;235;239;247;248;249;250;252;253;255;256;267;270;282;284;300;305;306;314;315;336;373
275;7;23;43;57;61;67;73;83;103;117;126;131;144;151;157;158;176;198;201;224;260;277;312;317;331;341;346;349;378;397;434
276;13;19;21;39;51;56;57;70;81;82;84;94;102;104;107;108;111;113;114;116;117;118;123;128;134;135;138;162;165;177;180;192;195;201;202;204;206;219;223;234;238;244;246;264;272;277;285;292;323;328;330;333;363;378;380;383;387;400;404;409;428
277;7;17;21;23;26;42;43;45;61;67;70;72;73;79;83;91;98;103;109;113;115;117;118;123;126;130;131;133;136;144;146;151;155;158;159;160;169;172;173;198;220;223;235;240;260;275;276;285;286;292;296;298;301;302;311;312;313;317;320;322;326;330;331;332;341;343;346;348;351;353;364;366;367;370;372;382;383;385;389;393;397;401;404;405;406;418;419;420;421;422;427;434
278;23;198;205;240;312;316;317;332;341;343;346;413;414;421
279;210;404
280;129;339;351;372;374;378;409
281;67;131;158;198;217;317;346
282;6;8;10;11;15;16;22;27;33;34;37;47;48;49;58;65;69;80;87;96;99;101;110;112;119;127;137;145;153;157;163;164;170;174;179;222;235;239;242;247;248;249;250;252;253;255;256;257;270;274;300;314;330;336;373
283;12;213;365;371
284;6;8;15;16;22;31;37;38;41;44;47;48;49;58;60;64;65;69;75;77;80;83;86;87;90;92;105;112;119;127;137;141;145;153;164;174;179;185;193;212;222;229;247;249;250;251;253;257;267;270;271;274;294;300;306;335;336;373
285;39;55;61;70;83;111;113;114;115;118;123;128;130;133;134;135;142;180;192;204;244;245;273;276;277;292;318;321;338;356;366;380;383;387;400;404;428
286;61;72;126;136;220;277;393
287;1
288;188;208
289;293;397
290;93;124;211;227;358
291;2;30;66;95;148;176;191;232;261;266;324;334;376;413
292;40;52;70;113;114;118;123;133;142;149;168;203;273;276;277;285;301;318;321;338;356;363;380;383;387;404;428
293;45;79;107;250;289;326;330;357;361;397
294;6;16;22;36;37;41;48;49;58;60;64;65;75;77;90;92;99;112;119;127;137;141;153;163;170;174;179;185;193;212;242;249;250;251;253;257;270;271;284;306;315;373
295;28;35;40;79;156;181;194;243;299;432
296;72;91;115;169;272;277
297
298;23;26;43;61;72;83;91;103;117;126;136;144;151;158;198;218;220;277;307;312;317;322;331;332;341;346;383;389;410;414;415;434
299;79;97;114;181;182;194;243;272;295;349;380
300;4;7;8;10;11;12;14;16;22;24;25;27;34;38;47;48;49;53;58;65;69;75;78;80;87;88;90;96;100;101;112;127;137;145;153;157;163;164;170;174;222;228;229;239;247;248;249;250;252;253;255;256;258;269;274;282;284;305;306;314;373;407
301;0;51;61;72;91;147;151;175;184;209;217;220;277;292;309;322;393;419;434
302;91;136;169;187;277;367;368
303
304;197
305;6;8;9;10;15;16;24;25;27;31;34;37;48;58;65;69;80;86;87;90;96;100;101;102;112;127;137;141;157;163;170;174;206;222;228;229;246;247;248;249;253;254;255;258;269;270;271;274;300;306;314;330;335;336;373;425
306;4;6;7;8;9;10;12;14;15;16;22;24;27;31;34;36;37;38;41;44;47;48;49;53;57;58;60;64;65;69;75;77;78;80;84;86;87;88;90;96;100;101;110;112;119;127;131;137;139;141;144;145;153;157;163;170;174;212;219;222;228;229;235;239;242;246;247;248;249;250;251;252;253;255;256;258;269;270;271;274;284;294;300;305;314;315;330;335;336;420;425
307;23;61;103;151;152;158;169;198;298;312;317;318;322;326;332;341;346;397
308
309;0;51;95;155;175;217;301;310;322;342;401;419;434
310;0;95;122;175;309;340;342
311;109;191;218;277;348;414
312;23;26;43;61;67;70;73;83;103;117;126;130;131;144;151;155;158;198;217;260;261;275;277;278;298;307;317;318;319;322;331;332;341;346;353;357;367;376;383;397;401;406;415;419;434
313;17;68;70;114;123;133;187;189;216;223;226;277;323;337;347;350;352;370;380;386;394
314;8;15;16;22;27;31;34;37;47;48;49;58;60;64;65;69;75;80;87;88;90;92;96;100;110;112;127;137;141;153;157;163;164;170;174;179;222;239;242;247;248;249;250;252;253;255;256;270;274;282;300;305;306;330;335;336;373;425;436
315;15;22;34;36;37;38;41;47;48;49;58;60;63;64;75;77;87;90;92;99;112;119;127;137;153;170;179;185;193;212;239;242;247;249;250;251;257;270;271;274;294;306;336;373
316;130;278;341;375;385
317;23;26;43;61;67;73;83;103;117;122;126;131;144;151;155;158;198;260;275;277;278;281;298;307;312;322;331;332;341;346;389;390;410;414;415;434
318;52;70;113;114;123;131;133;142;149;151;168;203;205;216;273;285;292;307;312;321;338;353;355;356;363;380;383;387;400;404;409;428
319;221;236;312
320;172;263;277
321;52;70;113;114;118;123;133;142;149;168;186;203;234;273;285;292;318;338;353;356;363;380;383;387;404;428
322;0;23;61;103;126;130;131;144;151;158;198;217;277;298;301;307;309;312;317;332;341;346;397;419;434
323;13;19;21;39;51;55;56;57;68;81;82;84;94;102;104;107;108;111;114;118;123;128;132;134;138;162;165;166;173;177;180;189;195;196;201;202;203;204;206;216;219;224;238;244;246;264;272;276;313;328;330;333;349;378;380;383;386;387;430
324;2;30;148;152;176;191;266;291;325;334;359;370;372;376;413;427
325;30;191;324
326;17;91;113;136;172;217;264;277;293;307;328;364;367;392;397;420;422;427
327;5;84;128;263
328;13;19;21;39;51;55;56;57;81;82;84;94;102;107;108;111;118;128;132;134;138;162;165;166;177;180;195;201;202;204;206;219;238;244;246;264;272;276;323;326;330;333;378;383;397
329;5;115;382
330;7;10;13;39;45;55;61;63;65;80;81;82;84;94;100;102;107;108;110;111;112;118;128;134;138;146;159;162;165;166;174;177;180;183;195;201;202;204;206;219;222;228;235;238;239;242;244;246;247;249;250;253;255;272;276;277;282;293;305;306;314;323;328;333;378
331;23;26;42;61;73;83;91;103;131;136;144;151;158;172;260;275;277;298;312;317;332;341;392;405;415;419;427;434
332;17;23;26;42;61;103;117;151;158;198;218;277;278;298;307;312;317;322;331;341;346;389;414;419
333;13;19;21;39;51;55;56;57;81;82;84;94;102;107;108;111;118;128;132;134;138;162;165;166;177;180;195;201;202;204;206;219;224;238;244;246;264;272;276;323;328;330;378;383
334;0;2;23;30;66;95;103;148;176;191;198;232;261;266;291;324;346;376;413
335;7;9;15;16;22;24;31;34;36;37;47;48;58;64;69;77;87;88;96;100;119;127;137;141;145;153;157;170;222;229;247;248;249;250;252;253;255;256;257;258;270;284;305;306;314;336;373
336;6;7;8;9;11;12;14;16;22;24;25;27;33;34;37;38;47;48;49;58;60;63;64;65;69;75;80;87;88;90;92;99;100;101;108;110;112;119;127;137;141;145;153;157;163;164;170;174;212;222;239;242;247;248;249;250;251;252;254;255;256;257;258;269;270;271;274;282;284;305;306;314;315;335;373;425
337;187;201;216;226;313;350;352;394
338;7;17;52;70;113;114;123;133;142;149;168;203;216;223;273;285;292;318;321;356;380;383;387;404;428
339;40;45;129;136;280;343;351;372;421
340;95;122;175;310;342
341;17;23;26;43;61;67;73;83;91;103;113;115;117;126;130;131;144;146;151;158;198;218;223;260;275;277;278;298;307;312;316;317;322;331;332;346;353;367;370;375;389;410;415;434
342;0;95;122;175;184;209;231;233;309;310;340;399
343;17;45;61;79;91;115;136;146;172;277;278;339;346;348;370;372;383;392;405;420
344;416
345;205;234;395;400;415
346;23;26;43;61;67;73;83;103;117;126;130;131;135;144;151;155;158;198;215;230;245;260;275;277;278;281;298;307;312;317;322;332;334;341;343;353;389
347;17;70;199;223;252;313;363;387;428
348;23;61;91;109;117;151;155;215;218;277;311;343;353;367;382;405;421
349;50;151;159;169;275;299;323
350;187;216;226;313;337;352;394
351;17;83;91;115;129;136;160;277;280;339;372;374;390;405;421;422
352;187;201;216;226;313;337;350;394
353;17;42;83;91;111;113;117;126;131;134;151;172;260;277;312;318;321;341;346;348;387
354;368
355;130;155;182;318;405
356;52;70;94;113;114;118;123;133;142;149;168;203;273;285;292;318;321;338;380;383;404;428
357;23;293;312;391
358;32;124;213;227;290;365
359;152;324
360;120;186;212;224;259
361;29;65;90;148;183;237;269;293
362;372
363;70;113;130;133;162;168;276;292;318;321;347;378;380;387;400;428
364;45;91;115;136;146;156;172;277;326;367;370;392;405;406;427
365;32;46;62;93;121;124;125;154;167;171;213;241;283;358
366;91;111;113;115;180;277;285;370;387;404
367;91;115;117;136;151;172;173;218;277;302;312;326;341;348;364;392;421;422;427
368;302;354
369;67;190;194;215;230
370;61;67;91;115;134;136;146;277;313;324;341;343;364;366;421
371;46;93;125;154;171;227;241;283;396
372;45;91;129;136;160;169;172;183;277;280;324;339;343;351;362;374;405;421
373;6;8;15;16;22;24;25;27;31;34;37;38;41;47;48;49;58;60;64;65;69;75;77;78;80;87;88;90;92;96;100;101;110;112;127;137;141;145;153;157;163;170;174;179;185;222;228;235;239;242;247;248;249;250;252;253;255;256;257;269;271;274;282;284;294;300;305;314;315;335;336;425;436
374;280;351;372
375;130;316;341
376;2;23;30;61;95;146;148;176;191;232;261;266;291;312;324;334;413
377;79;432
378;13;19;39;55;56;57;81;84;94;102;107;108;111;118;132;134;138;162;165;166;177;180;190;195;201;202;204;206;219;238;244;246;264;272;275;276;280;323;328;330;333;363;383
379
380;52;68;70;111;113;114;118;133;142;149;168;189;203;245;265;273;276;285;292;299;313;318;321;323;338;356;363;383;386;387;404;409;428
381;383
382;109;218;277;329;348
383;13;19;21;52;55;56;61;70;81;84;94;102;104;107;111;113;114;118;123;133;134;136;138;142;149;168;180;195;201;202;203;204;205;206;219;234;238;244;264;273;276;277;285;292;298;312;318;321;323;328;333;338;343;356;378;380;381;387;400;404;409;421;428
384
385;91;147;161;277;316
386;29;68;138;173;177;189;202;224;313;323;380;430
387;18;39;51;52;55;70;102;107;111;113;114;118;123;126;130;133;134;142;149;160;168;180;192;205;206;210;223;234;240;273;276;285;292;318;321;323;338;347;353;363;366;380;383;400;404;409;422;428
388;433
389;23;26;43;61;103;109;117;126;130;151;158;160;198;218;277;298;317;332;341;346;414;415;434
390;23;43;83;103;158;317;351
391;357
392;17;45;109;113;136;158;326;331;343;364;367;405;420;421;427
393;61;72;126;220;277;286;301
394;187;216;226;313;337;350;352
395;181;186;194;255;345;405
396;62;74;213;227;237;241;371
397;17;42;61;70;81;82;94;98;131;160;169;223;264;275;277;289;293;307;312;322;326;328;406;418;420
398;403
399;231;342;426
400;70;113;130;205;210;223;234;276;285;318;345;363;383;387;404;409
401;0;61;131;240;245;277;309;312
402;183;205
403;398
404;39;52;70;90;102;113;114;118;123;128;133;134;142;149;168;186;192;203;234;273;276;277;279;285;292;318;321;338;356;366;380;383;387;400;428
405;45;91;115;136;146;186;218;277;331;343;348;351;355;364;372;392;395;420;421;427
406;17;81;91;94;136;146;173;273;277;312;364;397;429
407;105;139;141;145;228;300
408
409;129;203;234;276;280;318;380;383;387;400
410;23;298;317;341
411;40;59;166
412;82;176;217
413;148;278;291;324;334;376
414;23;61;73;83;103;117;130;151;158;218;278;298;311;317;332;389;415
415;23;26;103;109;117;158;198;218;298;312;317;331;341;345;389;414;437
416;344
417;5;130
418;79;91;277;397
419;0;17;61;158;186;217;277;301;309;312;322;331;332
420;17;45;91;136;172;277;306;326;343;392;397;405;427
421;45;91;115;136;146;172;277;278;339;348;351;367;370;372;383;392;405
422;91;113;115;172;277;326;351;367;387;427
423
424
425;8;16;47;49;65;69;75;90;119;137;157;163;179;239;242;247;250;254;255;305;306;314;336;373;436
426;399
427;91;172;277;324;326;331;364;367;392;405;420;422
428;70;113;123;149;203;276;285;292;318;321;338;347;356;363;380;383;387;404
429;173;260;406
430;138;189;323;386
431
432;28;40;79;85;89;156;178;181;182;194;243;295;377
433;388
434;0;43;61;72;91;126;147;158;198;209;217;220;260;275;277;298;301;309;312;317;322;331;341;389
435
436;16;69;254;314;373;425
437;415
438
